Cities in Multiple Countries
==================================================

Abbotsford (Australia, Canada)
Aberdeen (United Kingdom, United States)
Abingdon (United Kingdom, United States)
Acton (Australia, United States)
Ada (Ghana, United States)
Adelaide (Australia, South Africa)
Aksay (Kazakhstan, Russia)
Alexandria (Australia, Egypt, Romania, United Kingdom, United States)
Alice (South Africa, United States)
Alma (Canada, United States)
Alton (United Kingdom, United States)
Amsterdam (Netherlands, United States)
Andover (United Kingdom, United States)
Athens (Greece, United States)
Atherton (Australia, United States)
Auburn (Australia, United States)
Ayacucho (Argentina, Peru)
Bamberg (Germany, United States)
Banff (Canada, United Kingdom)
Bangor (United Kingdom, United States)
Bannockburn (United Kingdom, United States)
Barcelona (Spain, Venezuela)
Barneveld (Netherlands, United States)
Bath (United Kingdom, United States)
Bathurst (Australia, Canada)
Bayonne (France, United States)
Bedford (United Kingdom, United States)
Belfast (United Kingdom, United States)
Belgrade (Serbia, United States)
Belleville (Canada, United States)
Belmont (Australia, United States)
Beringen (Belgium, Switzerland)
Berkeley (United Kingdom, United States)
Berlin (Germany, United States)
Berwick (Australia, United Kingdom)
Bethlehem (Palestine, United States)
Bharatpur (India, Nepal)
Birmingham (United Kingdom, United States)
Blackwood (United Kingdom, United States)
Boston (United Kingdom, United States)
Bourne (United Kingdom, United States)
Bradford (United Kingdom, United States)
Braintree (United Kingdom, United States)
Brampton (Canada, United Kingdom)
Brandon (Canada, United States)
Brentwood (United Kingdom, United States)
Brest (Belarus, France)
Brighton (United Kingdom, United States)
Brisbane (Australia, United States)
Bristol (United Kingdom, United States)
Buckingham (United Kingdom, United States)
Burlington (Canada, United States)
Cáceres (Brazil, Spain)
Cairo (Egypt, United States)
Calais (France, United States)
Cambridge (Australia, Canada, United Kingdom, United States)
Canterbury (Australia, United Kingdom, United States)
Carlisle (United Kingdom, United States)
Cartagena (Colombia, Spain)
Castries (France, Saint Lucia)
Charleroi (Belgium, United States)
Charlestown (St Kitts and Nevis, United States)
Chatham (Canada, United Kingdom, United States)
Chelmsford (United Kingdom, United States)
Cheltenham (Australia, United Kingdom)
Chester (United Kingdom, United States)
Chesterfield (United Kingdom, United States)
Chino (Japan, United States)
Christchurch (New Zealand, United Kingdom)
Claremont (South Africa, United States)
Clayton (Australia, Panama, United States)
Cleveland (Australia, United States)
Cochrane (Canada, United States)
Colchester (United Kingdom, United States)
Collingwood (Australia, Canada)
Colmar (France, Luxembourg)
Concepción (Chile, Paraguay, Peru)
Concord (Australia, Canada, United States)
Córdoba (Argentina, Mexico, Spain)
Cowes (Australia, United Kingdom)
Cranbrook (Canada, United Kingdom)
Crawley (Australia, United Kingdom)
Crumlin (Ireland, United Kingdom)
Cuenca (Ecuador, Spain)
Damascus (Syria, United States)
Dartmouth (Canada, United Kingdom)
Darwin (Australia, Zimbabwe)
Delhi (India, United States)
Delta (Canada, Nigeria, United States)
Derby (United Kingdom, United States)
Dordrecht (Netherlands, South Africa)
Douglas (Isle of Man, United States)
Dover (United Kingdom, United States)
Dublin (Ireland, United States)
Dudley (United Kingdom, United States)
Duncan (Canada, United States)
Dunedin (New Zealand, United States)
Durango (Mexico, Spain, United States)
Durham (United Kingdom, United States)
Ede (Netherlands, Nigeria)
Elgin (United Kingdom, United States)
Ely (United Kingdom, United States)
Emmen (Netherlands, Switzerland)
Epping (Australia, United Kingdom, United States)
Epworth (United Kingdom, United States)
Exeter (United Kingdom, United States)
Fairfield (Australia, United States)
Falmouth (Antigua and Barbuda, United Kingdom, United States)
Ferndale (United Kingdom, United States)
Flemington (Australia, United States)
Florence (Italy, United States)
Freeport (Bahamas, United States)
Fundão (Brazil, Portugal)
Gap (France, United States)
Gateshead (Australia, United Kingdom)
Geneva (Switzerland, United States)
George Town (Cayman Islands, Malaysia)
Georgetown (Canada, Guyana, United States)
Giessen (Germany, Netherlands)
Glastonbury (United Kingdom, United States)
Gloucester (United Kingdom, United States)
Grafton (Australia, United States)
Granada (Mexico, Nicaragua, Spain)
Granville (Australia, France, United States)
Grove (United Kingdom, United States)
Guadalajara (Mexico, Spain)
Halifax (Canada, United Kingdom)
Halle (Belgium, Germany)
Hamburg (Germany, United States)
Hamilton (Bermuda, Canada, New Zealand, United Kingdom, United States)
Hanover (Germany, United States)
Haripur (India, Pakistan)
Harrogate (United Kingdom, United States)
Hastings (New Zealand, United Kingdom, United States)
Hatfield (United Kingdom, United States)
Haverhill (United Kingdom, United States)
Hebron (Palestine, United States)
Heidelberg (Australia, Germany)
Hillsborough (United Kingdom, United States)
Hinton (Canada, United States)
Horsham (United Kingdom, United States)
Hull (United Kingdom, United States)
Huntingdon (United Kingdom, United States)
Ina (Japan, United States)
Inverness (United Kingdom, United States)
Ipswich (United Kingdom, United States)
Irvine (United Kingdom, United States)
Isiro (Congo - Kinshasa, DR Congo)
Jaén (Peru, Spain)
Jesenice (Czechia, Slovenia)
Jincheng (China, Taiwan)
Johnstown (Ireland, United States)
Karak (Jordan, Pakistan)
Kasama (Japan, Zambia)
Kensington (Australia, United States)
Kettering (United Kingdom, United States)
Kingston (Australia, Canada, Jamaica, United States)
Kinshasa (Congo - Kinshasa, DR Congo)
Kirkland (Canada, United States)
Komenda (Ghana, Slovenia)
La Paz (Bolivia, Mexico)
La Plata (Argentina, Colombia, United States)
Lacombe (Canada, United States)
Lagos (Nigeria, Portugal)
Lalitpur (India, Nepal)
Lancaster (United Kingdom, United States)
Langley (Canada, United States)
Laufen (Germany, Switzerland)
Launceston (Australia, United Kingdom)
Laval (Canada, France)
Leeds (United Kingdom, United States)
Leek (Netherlands, United Kingdom)
Leominster (United Kingdom, United States)
León (Mexico, Nicaragua, Spain)
Lewes (United Kingdom, United States)
Lima (Peru, United States)
Limerick (Ireland, United States)
Lincoln (Canada, New Zealand, United Kingdom, United States)
Liverpool (Australia, United Kingdom, United States)
Livingston (United Kingdom, United States)
Lodi (Italy, United States)
London (Canada, United Kingdom, United States)
Lugo (Italy, Spain)
Măgurele (Moldova, Romania)
Malé (Italy, Maldives)
Manchester (United Kingdom, United States)
Mandeville (Jamaica, United States)
Mansfield (Australia, United Kingdom, United States)
Margate (United Kingdom, United States)
Markham (Canada, United States)
Marlborough (United Kingdom, United States)
Martin (Slovakia, United States)
Medellín (Colombia, Spain)
Medina (Saudi Arabia, United States)
Melbourne (Australia, United States)
Melle (Belgium, Germany)
Melrose (United Kingdom, United States)
Meppen (Germany, Netherlands)
Mérida (Mexico, Spain)
Mexico (Mexico, United States)
Middelburg (Netherlands, South Africa)
Midland (Canada, United States)
Milford (United Kingdom, United States)
Milton (Australia, Canada, United States)
Minden (Germany, United States)
Monrovia (Liberia, United States)
Montrose (United Kingdom, United States)
Morón (Argentina, Cuba)
Moscow (Russia, United States)
Mount Pleasant (United States, Zimbabwe)
Münster (Austria, Germany)
Naples (Italy, United States)
Nassau (Bahamas, Germany, United States)
Nazareth (Belgium, Israel)
Nelson (Canada, New Zealand, United Kingdom)
Newbury (United Kingdom, United States)
Newcastle (Australia, United States)
Newington (Australia, United States)
Newmarket (Canada, United Kingdom, United States)
Newport (United Kingdom, United States)
Newtown (Australia, United Kingdom, United States)
Niagara Falls (Canada, United States)
Nogales (Mexico, United States)
Northampton (United Kingdom, United States)
Norwich (United Kingdom, United States)
Olivet (France, United States)
Orange (Australia, France, United States)
Ottawa (Canada, United States)
Oviedo (Spain, United States)
Oxford (Canada, United Kingdom, United States)
Pamplona (Colombia, Spain)
Panama City (Panama, United States)
Paraíso (Brazil, Mexico)
Paris (Canada, France, United States)
Parkville (Australia, United States)
Parma (Italy, United States)
Pembroke (Canada, Malta, United States)
Penrith (Australia, United Kingdom)
Perth (Australia, United Kingdom)
Peterborough (Canada, United Kingdom, United States)
Plymouth (Montserrat, United Kingdom, United States)
Portland (United Kingdom, United States)
Portsmouth (Dominica, United Kingdom, United States)
Potsdam (Germany, United States)
Preston (Australia, United Kingdom)
Prince George (Canada, United States)
Pula (Croatia, Italy)
Rasht (Iran, Tajikistan)
Ravenna (Italy, United States)
Reading (United Kingdom, United States)
Renfrew (Canada, United Kingdom)
Rheinfelden (Germany, Switzerland)
Richmond (Australia, Canada, United Kingdom, United States)
Ringwood (United Kingdom, United States)
Rio Grande (Brazil, United States)
Ripon (United Kingdom, United States)
Rochester (United Kingdom, United States)
Rome (Italy, United States)
Roscommon (Ireland, United States)
Rye (United Kingdom, United States)
Saint Albans (Australia, United States)
Saint Andrews (Canada, Colombia)
Saint Augustine (Trinidad & Tobago, Trinidad and Tobago)
Saint-Denis (France, Réunion)
Saint-Louis (France, Senegal)
Saint-Sauveur (Canada, France)
Salem (India, Montserrat, United States)
Salinas (Spain, United States)
Salisbury (Australia, United Kingdom, United States)
San Carlos (Philippines, United States)
San Felipe (Chile, Venezuela)
San Fernando (Philippines, Spain, Trinidad and Tobago, United States)
San Isidro (Argentina, Mexico, Philippines, United States)
San Juan (Argentina, Philippines, Puerto Rico, United States)
San Juan Bautista (Argentina, Mexico)
San Lorenzo (Paraguay, United States)
San Luis (Argentina, United States)
San Marcos (Mexico, Nicaragua, United States)
San Pablo (Costa Rica, United States)
San Pedro (Costa Rica, Mexico, United States)
San Rafael (Argentina, United States)
Sandwich (United Kingdom, United States)
Sandy (United Kingdom, United States)
Santa Ana (Costa Rica, El Salvador, United States)
Santa Clara (Cuba, United States)
Santa Cruz (Bolivia, Philippines, United States)
Santa Fe (Argentina, United States)
Santa Maria (Brazil, Portugal, United States)
Santa Rosa (Argentina, United States)
Santarém (Brazil, Portugal)
Santiago (Chile, Dominican Republic, Philippines)
Santo Domingo (Costa Rica, Dominican Republic)
Sault Ste. Marie (Canada, United States)
Scarborough (Canada, United Kingdom, United States)
Seaford (Australia, United Kingdom, United States)
Sebastopol (Ukraine, United States)
Senftenberg (Austria, Germany)
Shatin (China, Hong Kong)
Sheffield (United Kingdom, United States)
Shirley (United Kingdom, United States)
Shrewsbury (United Kingdom, United States)
Sidney (Canada, United States)
Smithfield (Australia, United States)
Soest (Germany, Netherlands)
Soledad (Colombia, United States)
Sonora (Mexico, United States)
Southampton (United Kingdom, United States)
Southport (Australia, United Kingdom, United States)
Spring Hill (Australia, United States)
Stafford (United Kingdom, United States)
Stamford (United Kingdom, United States)
Stephenville (Canada, United States)
Stirling (Australia, United Kingdom)
Stuttgart (Germany, United States)
Sudbury (Canada, United Kingdom, United States)
Sussex (Canada, United States)
Swansea (United Kingdom, United States)
Sydney (Australia, Canada)
Tabuk (Philippines, Saudi Arabia)
Tamworth (Australia, United Kingdom)
Taunton (United Kingdom, United States)
Telford (United Kingdom, United States)
Tiverton (United Kingdom, United States)
Toledo (Brazil, Spain, United States)
Trinidad (Bolivia, United States)
Trinity (Jersey, United States)
Tripoli (Greece, Lebanon, Libya)
Truro (Canada, United Kingdom)
Upton (United Kingdom, United States)
Valencia (Spain, United States, Venezuela)
Vancouver (Canada, United States)
Venice (Italy, United States)
Vernon (Canada, France, United States)
Verona (Italy, United States)
Versailles (France, United States)
Victoria (Argentina, Australia, Canada, Seychelles, United Kingdom, United States)
Vienna (Austria, United States)
Vincennes (France, United States)
Wakefield (Canada, United Kingdom, United States)
Waldenburg (Germany, Switzerland)
Wallingford (United Kingdom, United States)
Waltham (United Kingdom, United States)
Warminster (United Kingdom, United States)
Warrington (United Kingdom, United States)
Warsaw (Poland, United States)
Warwick (United Kingdom, United States)
Washington (United Kingdom, United States)
Waterford (Ireland, United States)
Waterloo (Belgium, Canada, United States)
Weimar (Germany, United States)
Wellington (Australia, New Zealand, United Kingdom, United States)
West Melbourne (Australia, United States)
Westbury (United Kingdom, United States)
Westport (Ireland, United States)
Weymouth (United Kingdom, United States)
Wilsonville (Liberia, United States)
Wilton (United Kingdom, United States)
Winchester (United Kingdom, United States)
Windsor (Australia, Canada, United Kingdom, United States)
Winthrop (Australia, United States)
Woodbridge (United Kingdom, United States)
Woodstock (Canada, United Kingdom, United States)
Worcester (South Africa, United Kingdom, United States)
York (United Kingdom, United States)
Zamora (Mexico, Spain)
Zeeland (Netherlands, United States)
Zwijndrecht (Belgium, Netherlands)
